,City,Country,Temperature (F),Latitude,Longitude,Humidity (%),Cloudiness (%),Wind Speed (mph)
0,Arraial do Cabo,BR,80.25,-22.97,-42.02,93.0,36.0,6.53
1,Albany,US,35.58,42.65,-73.75,80.0,90.0,4.7
2,Rikitea,PF,76.02,-23.12,-134.97,100.0,80.0,15.14
3,Georgetown,GY,79.65,6.8,-58.16,78.0,20.0,11.41
4,Airai,TL,72.78,-8.93,125.41,82.0,92.0,1.39
5,Busselton,AU,59.63,-33.64,115.35,60.0,20.0,11.79
6,Gamba,CN,-12.77,28.28,88.52,43.0,0.0,1.95
7,Peniche,PT,55.47,39.36,-9.38,87.0,20.0,17.22
8,Kloulklubed,PW,77.0,7.04,134.26,88.0,90.0,10.29
9,Port Hardy,CA,44.6,50.7,-127.42,60.0,90.0,11.41
10,Tuktoyaktuk,CA,10.4,69.44,-133.03,78.0,75.0,4.7
11,Katsuura,JP,54.3,33.93,134.5,71.0,40.0,17.22
12,Chuy,UY,64.68,-33.69,-53.46,82.0,0.0,10.67
13,Teya,MX,96.31,21.05,-89.07,30.0,40.0,18.34
14,Hilo,US,70.56,19.71,-155.08,73.0,75.0,23.09
16,Rimouski,CA,26.8,48.45,-68.52,68.0,90.0,4.7
17,Chumikan,RU,18.33,54.72,135.31,83.0,64.0,5.41
18,Kabo,CF,72.28,7.69,18.62,41.0,0.0,5.08
19,Yellowknife,CA,17.02,62.45,-114.38,72.0,20.0,6.93
20,Brandon,US,25.84,43.59,-96.57,63.0,1.0,9.17
22,Evensk,RU,8.07,61.92,159.24,100.0,56.0,4.41
23,Punta Arenas,CL,55.17,-53.16,-70.91,66.0,75.0,13.87
25,Avarua,CK,84.2,-21.21,-159.78,83.0,64.0,13.87
26,Sur,OM,66.75,22.57,59.53,100.0,0.0,5.53
27,Bambous Virieux,MU,73.04,-20.34,57.76,88.0,20.0,5.82
28,Bemidji,US,19.15,47.48,-94.89,67.0,40.0,13.87
29,Fort Saint James,CA,31.06,54.43,-124.25,62.0,92.0,5.86
30,Mitsamiouli,KM,84.2,-11.38,43.28,79.0,75.0,16.11
31,Anloga,GH,79.62,5.79,0.9,86.0,20.0,5.08
32,Mahebourg,MU,73.08,-20.41,57.7,88.0,20.0,5.82
33,Faanui,PF,82.54,-16.48,-151.75,100.0,56.0,7.43
34,Burnie,AU,62.02,-41.05,145.91,59.0,0.0,11.01
35,Tuatapere,NZ,68.0,-46.13,167.69,71.0,76.0,1.01
36,Lagoa,PT,61.39,37.14,-8.45,72.0,0.0,3.36
37,Lebu,ET,45.64,8.96,38.73,73.0,0.0,4.52
38,Portales,US,56.21,34.19,-103.33,37.0,1.0,17.22
39,Vestmanna,FO,35.6,62.16,-7.17,100.0,92.0,13.87
40,Richards Bay,ZA,70.62,-28.77,32.06,100.0,92.0,4.52
42,Ushuaia,AR,55.4,-54.81,-68.31,62.0,75.0,19.46
43,Mataura,NZ,68.0,-46.19,168.86,71.0,8.0,1.01
44,Jamestown,AU,68.1,-33.21,138.6,99.0,80.0,5.97
45,Upernavik,GL,-2.74,72.79,-56.15,100.0,20.0,10.33
46,Kapuskasing,CA,23.0,49.42,-82.43,92.0,90.0,9.17
47,Yerbogachen,RU,6.4,61.28,108.01,77.0,0.0,5.19
48,Atuona,PF,82.27,-9.8,-139.03,100.0,80.0,9.22
49,Alyangula,AU,80.6,-13.85,136.42,94.0,64.0,4.7
50,Port Alfred,ZA,66.47,-33.59,26.89,97.0,92.0,8.99
51,Husavik,CA,19.0,50.56,-96.99,68.0,44.0,7.0
52,New Norfolk,AU,60.03,-42.78,147.06,51.0,20.0,10.29
55,Komsomolskiy,RU,19.72,67.55,63.78,89.0,76.0,3.74
56,Duluth,US,26.83,46.77,-92.13,63.0,40.0,23.04
57,Khatanga,RU,-1.34,71.98,102.47,67.0,68.0,11.12
58,Half Moon Bay,US,52.3,37.46,-122.43,71.0,1.0,11.41
59,Victoria,BN,76.05,5.28,115.24,100.0,75.0,3.62
61,Grand-Santi,GF,76.2,4.27,-54.38,86.0,36.0,4.41
62,Ornskoldsvik,SE,19.4,63.29,18.72,73.0,68.0,11.41
63,Bourail,NC,82.05,-21.57,165.5,73.0,80.0,3.62
64,Kikinda,RS,53.55,45.83,20.46,58.0,0.0,6.93
67,Muscat,OM,58.78,23.6,58.55,100.0,0.0,4.97
68,Saint-Philippe,CA,33.4,45.36,-73.48,86.0,90.0,11.41
69,Thompson,CA,12.2,55.74,-97.86,51.0,20.0,0.04
70,East London,ZA,73.32,-33.02,27.91,100.0,92.0,22.97
71,Krasnoslobodsk,RU,31.69,54.42,43.79,96.0,88.0,5.53
72,Tupik,RU,10.18,54.43,119.94,42.0,0.0,8.99
73,Fortuna,ES,55.09,38.18,-1.13,87.0,0.0,3.29
74,Mar del Plata,AR,78.04,-46.43,-67.52,28.0,0.0,9.44
75,Hithadhoo,MV,83.13,-0.6,73.08,100.0,8.0,3.74
76,Kapaa,US,76.35,22.08,-159.32,65.0,40.0,18.34
77,Cape Town,ZA,62.8,-33.93,18.42,77.0,20.0,27.51
78,Alihe,CN,21.7,50.57,123.73,64.0,8.0,8.1
79,Kavieng,PG,81.64,-2.57,150.8,100.0,76.0,12.57
80,Barrow,AR,63.28,-38.31,-60.23,46.0,0.0,7.65
81,Tucupita,VE,82.05,9.06,-62.05,60.0,48.0,10.0
82,San Giuseppe Jato,IT,52.36,37.97,13.19,87.0,0.0,6.93
83,Awbari,LY,65.85,26.59,12.77,17.0,0.0,6.76
84,Iquique,CL,71.6,-20.22,-70.14,68.0,0.0,16.11
87,Mathathane,BW,76.65,-22.27,28.75,59.0,12.0,13.69
89,Huarmey,PE,74.53,-10.07,-78.15,69.0,56.0,4.07
90,Toul,FR,41.88,48.68,5.89,87.0,20.0,5.82
91,Hobart,AU,59.4,-42.88,147.33,51.0,20.0,10.29
93,Butaritari,KI,82.72,3.07,172.79,100.0,80.0,14.7
94,Bundaberg,AU,84.65,-24.87,152.35,66.0,90.0,9.17
95,Ola,RU,14.28,59.58,151.3,100.0,48.0,4.41
96,Pisco,PE,75.43,-13.71,-76.2,70.0,20.0,3.51
97,Corbi,RO,57.99,45.29,24.8,22.0,80.0,7.87
98,Canon City,US,30.97,39.46,-117.13,78.0,92.0,4.41
99,Whitehorse,CA,33.44,60.72,-135.06,59.0,75.0,16.11
100,Nanortalik,GL,27.73,60.14,-45.24,100.0,0.0,23.87
101,Vaini,IN,62.74,15.34,74.49,89.0,0.0,1.5
102,Codrington,AU,80.62,-28.95,153.24,52.0,56.0,8.05
103,San Patricio,PY,76.2,-26.98,-56.83,71.0,44.0,6.2
104,Svetlaya,RU,32.14,46.54,138.33,84.0,48.0,5.41
106,Bend,US,31.68,44.06,-121.32,59.0,1.0,2.95
107,Tete,MZ,73.09,-16.16,33.59,94.0,0.0,4.63
108,Vestmannaeyjar,IS,27.42,63.44,-20.27,100.0,0.0,7.76
109,Hobyo,SO,77.37,5.35,48.53,91.0,92.0,15.37
110,Ati,TD,74.26,13.21,18.34,17.0,0.0,12.46
111,Puerto Ayora,EC,82.4,-0.74,-90.35,74.0,0.0,8.05
112,Kabanjahe,ID,73.08,3.1,98.49,100.0,40.0,3.36
113,Kabalo,CD,71.88,-6.05,26.92,89.0,32.0,8.43
114,Naze,NG,75.43,5.43,7.07,89.0,76.0,5.3
115,Tocopilla,CL,67.69,-22.09,-70.2,89.0,8.0,5.75
116,Faya,SA,59.94,18.39,42.45,72.0,20.0,11.41
117,Port Elizabeth,US,50.2,39.31,-74.98,87.0,1.0,6.93
118,Merauke,ID,79.93,-8.49,140.4,100.0,100.0,4.41
119,Morgan City,US,78.44,29.7,-91.21,83.0,90.0,6.93
120,Jaisalmer,IN,56.4,26.91,70.91,93.0,0.0,3.96
121,Aklavik,CA,28.4,68.22,-135.01,50.0,75.0,2.24
122,Castro,CL,64.4,-42.48,-73.76,63.0,0.0,6.93
123,Port Blair,IN,81.28,11.67,92.75,100.0,0.0,6.31
124,Deputatskiy,RU,-7.91,69.3,139.9,73.0,56.0,3.74
125,Cherskiy,RU,-5.98,68.75,161.3,70.0,24.0,2.39
126,Luderitz,NA,61.08,-26.65,15.16,78.0,0.0,16.71
127,Vanimo,PG,81.15,-2.67,141.3,100.0,80.0,7.76
128,Nikolskoye,RU,28.09,59.7,30.79,79.0,20.0,6.71
129,Pimenta Bueno,BR,77.95,-11.68,-61.19,87.0,12.0,2.06
131,Leningradskiy,RU,-5.84,69.38,178.42,99.0,44.0,4.63
132,Kidal,ML,54.28,18.44,1.41,25.0,0.0,4.74
133,Qaanaaq,GL,-9.17,77.48,-69.36,97.0,36.0,9.33
134,Kodinsk,RU,14.95,58.6,99.18,85.0,48.0,4.97
135,Bonavista,CA,25.0,48.65,-53.11,80.0,0.0,1.01
136,Bluff,AU,82.09,-23.58,149.07,66.0,0.0,4.63
137,Saskylakh,RU,-16.69,71.97,114.09,72.0,32.0,5.41
138,Kodiak,US,39.49,39.95,-94.76,48.0,1.0,5.82
139,Juruti,BR,76.69,-2.16,-56.09,93.0,68.0,2.06
140,Vostok,RU,28.09,46.45,135.83,55.0,68.0,3.4
141,Toguchin,RU,9.01,55.24,84.4,77.0,12.0,10.11
142,Adelaide,AU,67.33,-34.93,138.6,60.0,75.0,11.41
143,Tevaitoa,PF,80.25,-16.78,-151.5,100.0,92.0,9.66
144,Cedral,MX,77.68,23.82,-100.72,22.0,0.0,4.52
145,Ust-Tsilma,RU,16.21,65.44,52.15,85.0,24.0,4.41
146,Namibe,AO,78.94,-15.19,12.15,100.0,8.0,7.87
147,Pauini,BR,74.26,-7.71,-67.0,99.0,32.0,4.41
148,Sal Rei,CV,69.8,16.18,-22.92,77.0,40.0,12.75
149,Yumen,CN,19.36,40.29,97.04,60.0,0.0,4.63
150,Dhar,IN,58.78,22.6,75.31,59.0,0.0,6.42
151,Santa Maria da Vitoria,BR,73.5,-13.39,-44.19,83.0,48.0,1.95
152,Eureka,US,52.11,40.8,-124.16,100.0,1.0,5.82
153,Acapulco,MX,84.2,16.86,-99.88,70.0,5.0,5.82
154,Urengoy,RU,23.55,65.96,78.37,88.0,80.0,11.79
155,Tourlaville,FR,46.04,49.64,-1.57,75.0,36.0,21.92
156,Forestville,CA,26.6,48.74,-69.09,68.0,90.0,4.7
157,Worland,US,35.62,44.02,-107.96,47.0,1.0,2.95
159,Qaqortoq,GL,24.8,60.72,-46.03,62.0,0.0,3.36
161,Phan Thiet,VN,75.52,10.93,108.1,100.0,0.0,2.73
162,Yulara,AU,89.6,-25.24,130.99,19.0,0.0,4.7
163,Saint George,GR,50.0,39.45,22.34,61.0,40.0,5.82
164,Lyngseidet,NO,12.2,69.58,20.21,85.0,0.0,3.36
165,Port Macquarie,AU,86.76,-31.43,152.91,48.0,0.0,8.05
166,Ilulissat,GL,10.4,69.22,-51.1,72.0,80.0,9.17
167,Irondequoit,US,39.15,43.21,-77.58,64.0,90.0,24.16
168,Zig,US,39.47,40.13,-92.77,69.0,1.0,10.29
169,Sao Filipe,CV,72.01,14.9,-24.5,92.0,0.0,13.24
170,Norman Wells,CA,30.2,65.28,-126.83,46.0,75.0,10.29
171,Mbanza-Ngungu,CD,70.17,-5.25,14.87,93.0,44.0,2.84
172,Severo-Kurilsk,RU,27.64,50.68,156.12,100.0,44.0,19.17
173,Thiruvananthapuram,IN,82.4,8.48,76.92,78.0,40.0,4.7
174,Aksu,KZ,3.2,52.04,76.93,84.0,0.0,6.71
175,Camacha,PT,59.27,33.08,-16.33,77.0,40.0,16.11
176,Arcata,US,52.11,40.87,-124.08,100.0,1.0,5.82
177,Barcelos,PT,53.67,41.53,-8.62,93.0,75.0,9.17
178,Sampit,ID,77.32,-2.54,112.95,91.0,0.0,4.85
179,Mosquera,CO,60.8,4.71,-74.23,67.0,75.0,5.82
180,Bredasdorp,ZA,63.01,-34.53,20.04,82.0,92.0,13.87
181,Itapirapua,BR,77.41,-15.82,-50.61,87.0,12.0,3.62
182,Vilhena,BR,78.8,-12.74,-60.15,78.0,40.0,10.29
183,Los Llanos de Aridane,ES,66.4,28.66,-17.92,72.0,0.0,11.41
184,Dikson,RU,7.35,73.51,80.55,90.0,48.0,10.22
185,Kalispell,US,32.04,48.2,-114.32,63.0,1.0,11.41
186,Yar-Sale,RU,25.8,66.83,70.83,90.0,80.0,12.68
187,Petropavlovsk-Kamchatskiy,RU,14.0,53.05,158.65,61.0,8.0,8.95
188,Tarko-Sale,RU,24.01,64.92,77.78,91.0,92.0,4.0
189,Cabo San Lucas,MX,75.15,22.89,-109.91,56.0,75.0,8.05
190,Adrar,DZ,66.2,27.87,-0.29,32.0,0.0,13.87
191,Natchez,US,71.94,31.56,-91.4,73.0,90.0,5.82
192,Indiana,US,46.65,40.62,-79.15,57.0,1.0,17.22
193,Hermanus,ZA,64.53,-34.42,19.24,92.0,92.0,5.01
194,Florianopolis,BR,66.65,-27.6,-48.55,94.0,75.0,12.75
195,Ribeira Grande,PT,61.75,38.52,-28.7,94.0,88.0,15.93
196,Carnarvon,ZA,42.72,-30.97,22.13,67.0,0.0,2.39
198,Kaitangata,NZ,67.2,-46.28,169.85,73.0,8.0,4.52
199,Ayan,TR,27.15,40.67,33.6,78.0,32.0,2.73
200,Islahiye,TR,48.54,37.03,36.63,81.0,0.0,6.93
201,Dukat,RS,46.63,42.44,22.31,53.0,0.0,5.75
202,Marsa Matruh,EG,51.8,31.35,27.25,81.0,0.0,4.7
203,Tazovskiy,RU,17.7,67.47,78.7,85.0,88.0,7.65
204,Usogorsk,RU,28.77,63.43,48.71,93.0,36.0,4.63
205,Vondrozo,MG,69.9,-22.82,47.32,95.0,80.0,2.95
206,Soeng Sang,TH,74.98,14.43,102.46,64.0,0.0,1.12
207,Guerrero Negro,MX,59.73,27.97,-114.04,70.0,0.0,10.0
209,Verkhoyansk,RU,-10.84,67.55,133.39,69.0,48.0,2.73
210,Shitanjing,CN,14.82,39.23,106.34,55.0,12.0,3.29
211,Haines Junction,CA,28.09,60.75,-137.51,77.0,76.0,4.41
212,Pandan,PH,79.35,11.72,122.09,100.0,0.0,8.99
214,Kruisfontein,ZA,65.67,-34.0,24.73,93.0,92.0,18.61
215,Verkhnevilyuysk,RU,5.28,63.45,120.31,74.0,36.0,4.85
216,Bethel,US,38.17,60.79,-161.76,80.0,90.0,8.05
217,Carutapera,BR,77.59,-1.2,-46.02,96.0,88.0,4.63
218,Hofn,IS,38.4,64.25,-15.21,100.0,68.0,20.07
219,Altamira,BR,77.73,-3.2,-52.21,89.0,24.0,3.29
220,Itarema,BR,77.37,-2.92,-39.92,94.0,44.0,6.87
221,Kysyl-Syr,RU,6.72,63.9,122.77,77.0,68.0,2.73
222,Maragogi,BR,74.44,-9.01,-35.22,96.0,8.0,5.64
223,Souillac,FR,43.23,45.6,-0.6,81.0,0.0,6.93
224,Jalu,LY,53.52,29.03,21.55,49.0,0.0,3.06
225,Ostrovnoy,RU,17.65,68.05,39.51,92.0,76.0,10.67
226,Tapes,BR,67.24,-30.67,-51.4,93.0,100.0,12.01
227,Alofi,NU,86.0,-19.06,-169.92,70.0,44.0,12.75
228,Hambantota,LK,78.0,6.12,81.12,100.0,44.0,10.0
229,Kermanshah,IR,40.55,34.32,47.07,70.0,75.0,6.93
230,Tanete,ID,79.48,-3.94,119.78,87.0,24.0,4.74
231,Lompoc,US,57.07,34.64,-120.46,62.0,40.0,9.17
233,Kulmbach,DE,38.08,50.1,11.45,92.0,90.0,12.75
234,Arroyo,US,40.12,41.39,-78.88,65.0,75.0,18.34
235,Sao Joao da Barra,BR,80.6,-21.64,-41.05,83.0,75.0,6.93
236,Meulaboh,ID,77.5,4.14,96.13,100.0,20.0,5.19
237,Loandjili,CG,84.2,-4.77,11.87,83.0,40.0,4.7
238,Vyazma,RU,32.82,55.21,34.3,95.0,80.0,8.88
239,Platteville,US,32.32,42.73,-90.48,76.0,1.0,23.04
242,Buala,SB,86.14,-8.15,159.59,81.0,32.0,5.19
244,Ahipara,NZ,73.99,-35.17,173.16,91.0,76.0,7.09
245,Teahupoo,PF,85.82,-17.83,-149.27,70.0,75.0,8.05
246,Constitucion,MX,80.11,23.99,-104.67,8.0,5.0,14.99
247,Ponta Delgada,PT,56.95,37.73,-25.67,87.0,75.0,10.29
248,Rome,IT,54.3,41.89,12.48,76.0,75.0,11.41
249,Chokurdakh,RU,-4.22,70.62,147.9,78.0,76.0,4.18
250,Bay Roberts,CA,25.25,47.58,-53.28,73.0,5.0,8.05
251,Ganzhou,CN,47.17,25.86,114.93,84.0,0.0,2.51
252,Boguchany,RU,15.18,58.38,97.46,84.0,56.0,4.74
253,Predivinsk,RU,17.11,57.07,93.44,73.0,32.0,5.75
254,Vardo,US,51.33,39.62,-77.74,76.0,1.0,4.7
255,Anito,PH,79.17,12.45,125.29,98.0,20.0,4.85
256,Vila Franca do Campo,PT,57.06,37.72,-25.43,87.0,75.0,10.29
257,Port Hedland,AU,89.6,-20.31,118.58,70.0,0.0,13.87
258,Vitim,RU,11.53,59.44,112.57,66.0,68.0,5.19
259,Grand Gaube,MU,72.82,-20.01,57.66,88.0,20.0,5.82
260,Quatre Cocos,MU,72.93,-20.21,57.76,88.0,20.0,5.82
261,Dallas,US,54.75,32.78,-96.8,50.0,90.0,8.05
262,Hasaki,JP,52.56,35.73,140.83,93.0,75.0,27.51
264,Provideniya,RU,20.13,64.42,-173.23,100.0,80.0,30.36
265,Karratha,AU,84.93,-20.74,116.85,58.0,0.0,4.52
266,Goure,NE,76.38,13.98,10.27,21.0,0.0,10.33
267,Ust-Karsk,RU,12.3,52.71,118.82,39.0,0.0,7.99
268,Sinjar,SY,44.65,35.59,37.0,93.0,0.0,7.99
269,Esperance,TT,78.98,10.24,-61.45,74.0,75.0,11.41
270,Waingapu,ID,78.0,-9.65,120.26,90.0,68.0,2.95
271,Maralal,KE,52.75,1.1,36.7,84.0,8.0,3.06
272,Tiksi,RU,-24.83,71.64,128.87,36.0,0.0,3.51
273,Hwange,ZW,69.13,-18.35,26.5,74.0,12.0,4.18
274,Seoul,KR,32.04,37.57,126.98,92.0,1.0,1.12
275,Kenai,US,40.28,60.55,-151.26,86.0,90.0,4.7
276,Verkhnyaya Inta,RU,28.27,65.99,60.32,86.0,92.0,8.1
277,Kokkola,FI,18.61,63.84,23.13,92.0,75.0,3.36
278,Albanel,CA,24.33,48.88,-72.44,92.0,90.0,9.17
279,Nemuro,JP,33.13,43.32,145.57,94.0,56.0,17.94
280,Bonanza,NI,78.04,14.03,-84.62,67.0,68.0,3.96
281,Lorengau,PG,78.22,-2.02,147.27,100.0,80.0,14.47
282,Marsabit,KE,70.66,2.34,37.99,72.0,0.0,5.19
283,Siwana,IN,61.84,25.65,72.42,72.0,0.0,5.97
285,Svetlogorsk,RU,33.8,53.14,59.15,92.0,90.0,15.66
286,Szamotuly,PL,33.6,52.61,16.58,97.0,75.0,10.29
287,Passo de Camaragibe,BR,78.8,-9.24,-35.49,69.0,0.0,8.05
288,Hawkesbury,CA,33.49,45.61,-74.6,96.0,90.0,5.82
289,Redlands,US,55.0,34.06,-117.19,50.0,75.0,3.36
290,Tahe,CN,20.35,52.34,124.71,72.0,68.0,7.31
291,Buraydah,SA,55.4,26.33,43.97,43.0,0.0,3.36
292,Remanso,BR,81.42,-9.62,-42.08,91.0,0.0,0.94
293,Taltal,CL,62.88,-25.41,-70.49,82.0,0.0,2.28
294,Sabha,LY,63.91,27.03,14.43,18.0,8.0,13.02
296,Tongliao,CN,32.5,43.61,122.27,71.0,64.0,5.86
297,Nyurba,RU,5.95,63.29,118.35,80.0,36.0,4.41
298,Lasa,CY,51.71,34.92,32.53,87.0,20.0,5.82
299,Geraldton,CA,30.2,49.72,-86.95,63.0,90.0,10.29
300,Acari,BR,81.37,-6.44,-36.64,54.0,36.0,11.23
301,Altus,US,42.44,34.64,-99.33,70.0,90.0,4.7
302,Kharp,RU,13.15,66.82,65.8,80.0,88.0,4.74
303,Clyde River,CA,-20.21,70.47,-68.59,75.0,1.0,5.82
304,Bereda,ES,48.27,43.27,-7.54,81.0,75.0,3.36
305,Tukums,LV,24.8,56.97,23.17,100.0,0.0,3.36
306,Meadow Lake,CA,24.8,54.13,-108.44,58.0,20.0,10.29
307,Lata,IN,25.35,30.78,78.62,80.0,0.0,1.72
308,Sujiatun,CN,33.8,45.81,127.11,37.0,68.0,8.95
309,Bull Savanna,JM,77.82,17.89,-77.59,64.0,20.0,5.41
310,Casper,US,37.8,42.87,-106.31,51.0,1.0,5.82
311,Ekibastuz,KZ,11.89,51.72,75.32,74.0,48.0,9.66
312,Avera,US,70.86,33.19,-82.53,73.0,90.0,3.36
313,Pevek,RU,-9.89,69.7,170.27,85.0,0.0,2.06
314,Razole,IN,81.01,16.48,81.84,100.0,0.0,8.77
315,Solikamsk,RU,17.74,59.65,56.78,84.0,24.0,8.66
316,Pinsk,BY,37.32,52.11,26.1,97.0,92.0,12.12
317,Saint-Pierre,FR,41.59,48.95,4.24,87.0,0.0,13.87
319,Crossville,US,62.24,35.95,-85.03,44.0,1.0,13.87
320,Tondela,PT,53.82,40.52,-8.08,87.0,75.0,11.41
321,Inhambane,MZ,79.48,-23.87,35.38,86.0,88.0,12.57
322,Benguela,AO,80.2,-12.58,13.4,100.0,8.0,7.99
323,Gravdal,NO,28.53,59.79,5.78,100.0,32.0,6.93
325,Havelock,US,67.01,34.88,-76.9,88.0,75.0,16.11
326,Gat,SN,69.8,14.69,-16.54,56.0,0.0,18.34
327,Tabuk,PH,69.0,17.41,121.44,69.0,0.0,1.83
328,Porto Velho,BR,77.0,-8.75,-63.87,88.0,75.0,1.12
329,Ahar,IR,17.02,38.48,47.07,68.0,44.0,2.17
330,Oudtshoorn,ZA,62.6,-33.59,22.2,93.0,88.0,4.7
331,Chambas,CU,80.6,22.19,-78.91,69.0,40.0,12.75
332,Dunedin,NZ,64.0,-45.87,170.5,69.0,76.0,15.01
333,Hamilton,BM,62.83,32.3,-64.78,63.0,40.0,4.7
334,Santa Rita do Sapucai,BR,68.14,-22.25,-45.7,92.0,8.0,3.96
335,Agadir,MA,57.2,30.42,-9.58,87.0,0.0,3.36
336,Ossora,RU,14.55,59.24,163.07,92.0,68.0,6.76
337,Coquimbo,CL,64.4,-29.95,-71.34,68.0,0.0,3.36
338,Athabasca,CA,26.02,54.72,-113.29,81.0,0.0,7.99
339,Axim,GH,82.36,4.87,-2.24,99.0,8.0,3.62
340,Ardesen,TR,51.8,41.19,40.99,66.0,75.0,5.82
341,Palmer,US,40.51,61.6,-149.11,69.0,90.0,13.87
342,Linxia,CN,12.07,35.6,103.21,68.0,0.0,2.73
343,Iqaluit,CA,-13.01,63.75,-68.52,75.0,20.0,6.93
344,Kadrina,EE,20.22,59.34,26.14,92.0,8.0,5.53
345,Sile,US,57.96,35.56,-106.37,16.0,1.0,11.41
346,Racaciuni,RO,56.28,46.33,26.98,49.0,20.0,6.93
347,Pathein,MM,68.14,16.78,94.73,90.0,0.0,5.41
348,Nelson Bay,AU,79.29,-32.72,152.14,57.0,20.0,19.46
349,Nanakuli,US,76.15,21.39,-158.15,57.0,75.0,18.34
350,Prince Rupert,CA,37.4,54.32,-130.32,86.0,90.0,24.16
351,Muzaffarpur,IN,60.8,26.12,85.39,72.0,0.0,6.08
352,Upata,VE,83.62,8.02,-62.41,48.0,44.0,10.45
353,Ranong,TH,73.4,9.96,98.62,100.0,20.0,3.96
354,Kapitanivka,UA,35.07,48.91,31.71,71.0,48.0,11.68
356,Kimbe,PG,77.05,-5.56,150.15,100.0,92.0,6.53
357,Tasiilaq,GL,21.2,65.61,-37.64,57.0,68.0,4.7
358,Tortosa,ES,53.87,40.81,0.52,93.0,44.0,4.7
359,Dingle,PH,78.0,11.0,122.67,82.0,0.0,6.64
360,Mondeville,FR,44.04,49.18,-0.32,81.0,8.0,18.34
361,Mount Isa,AU,89.6,-20.73,139.49,43.0,0.0,4.7
362,Takoradi,GH,80.83,4.89,-1.75,100.0,24.0,4.29
364,San Vicente de Canete,PE,70.75,-13.08,-76.38,82.0,36.0,2.84
365,Longyearbyen,NO,1.4,78.22,15.63,77.0,20.0,2.24
366,Galle,US,75.6,29.74,-97.91,69.0,75.0,14.99
369,Harper,US,72.79,30.3,-99.24,69.0,75.0,5.82
370,Yukamenskoye,RU,28.5,57.89,52.24,92.0,88.0,8.43
371,Hami,CN,21.52,42.84,93.51,69.0,0.0,2.84
374,Saint Paul,US,26.58,44.95,-93.1,54.0,1.0,16.11
375,Vysokogornyy,RU,24.13,50.1,139.13,57.0,12.0,2.84
376,Rawson,AR,83.67,-43.3,-65.11,19.0,0.0,16.82
377,Lulea,SE,19.4,65.58,22.15,79.0,90.0,12.75
378,La Ronge,CA,23.0,55.1,-105.3,49.0,20.0,8.05
379,Zalishchyky,UA,45.0,48.64,25.73,69.0,44.0,8.99
381,Jadu,LY,56.71,31.95,12.03,55.0,88.0,3.18
382,Itaituba,BR,76.69,-4.26,-55.99,93.0,64.0,1.95
383,Brenham,US,77.58,30.17,-96.4,69.0,40.0,9.17
384,Muros,ES,50.63,42.77,-9.06,87.0,75.0,5.82
385,Sorland,NO,32.77,67.67,12.69,100.0,48.0,14.58
386,Bandarbeyla,SO,79.12,9.49,50.81,100.0,0.0,13.02
387,Kamaishi,JP,42.8,39.28,141.86,93.0,75.0,11.41
388,Mantua,IT,48.43,45.16,10.79,93.0,0.0,2.24
389,Olden,NO,24.19,61.84,6.81,79.0,0.0,3.36
390,Laguna,MX,75.2,27.52,-110.01,27.0,90.0,6.93
392,Hirara,JP,65.34,24.8,125.28,77.0,75.0,6.93
394,Dinkelsbuhl,DE,40.08,49.07,10.32,93.0,90.0,13.87
395,Coahuayana,MX,87.22,18.62,-100.35,22.0,0.0,2.62
396,Ixtapa,MX,78.91,20.71,-105.21,78.0,5.0,13.87
397,Namatanai,PG,77.37,-3.66,152.44,100.0,92.0,10.11
398,North Platte,US,41.59,41.12,-100.77,45.0,1.0,4.7
399,Kandrian,PG,81.1,-6.21,149.55,91.0,68.0,2.62
400,Karpogory,RU,24.67,64.0,44.44,91.0,68.0,5.41
401,Pankrushikha,RU,9.73,53.83,80.35,81.0,64.0,10.56
402,Cayenne,GF,80.6,4.94,-52.33,78.0,75.0,9.17
404,Mabaruma,GY,78.58,8.2,-59.78,79.0,48.0,7.09
405,Pozo Colorado,PY,76.65,-23.49,-58.8,79.0,80.0,5.19
406,Perevolotskiy,RU,35.2,51.88,54.19,92.0,88.0,11.68
407,Ambilobe,MG,72.37,-13.19,49.05,97.0,48.0,2.95
408,Mangan,IN,17.83,27.5,88.54,76.0,0.0,1.61
409,Berlevag,NO,14.52,70.86,29.09,72.0,75.0,13.87
410,Hibbing,US,21.88,47.43,-92.94,67.0,90.0,12.75
411,Aykhal,RU,-1.21,65.95,111.51,74.0,48.0,3.06
412,Shu,KZ,30.61,43.6,73.76,90.0,0.0,8.66
413,Davila,PH,73.4,18.47,120.58,94.0,20.0,3.36
414,Unity,CA,18.0,52.44,-109.15,82.0,0.0,11.01
415,Garden City,US,39.97,40.73,-73.63,93.0,90.0,5.86
416,Chippewa Falls,US,29.07,44.94,-91.39,63.0,1.0,20.8
418,Leeds,GB,35.96,53.8,-1.54,86.0,40.0,35.57
419,Kampene,CD,69.0,-3.59,26.67,95.0,88.0,0.6
420,Yarmouth,GB,37.85,50.71,-1.5,86.0,40.0,11.41
421,Znamenskoye,RU,26.07,57.13,73.82,91.0,88.0,9.78
422,Conakry,GN,79.12,9.52,-13.7,100.0,0.0,8.43
423,Tlaltenango,MX,82.4,19.17,-98.35,15.0,20.0,11.41
424,Regina,CA,16.23,50.45,-104.62,78.0,5.0,6.93
425,Anadyr,RU,-1.09,64.73,177.51,77.0,75.0,15.66
426,Ligayan,PH,81.37,4.65,119.47,100.0,36.0,11.45
427,Kambam,ID,80.07,5.25,96.86,100.0,32.0,2.39
428,Sitka,US,44.47,37.17,-99.65,53.0,56.0,13.24
429,Goksun,TR,44.85,38.02,36.5,81.0,0.0,6.93
430,Tecoanapa,MX,84.2,16.99,-99.26,70.0,5.0,5.82
431,Wajir,KE,80.65,1.75,40.07,48.0,0.0,11.01
433,Masallatah,LY,53.56,32.62,14.0,60.0,88.0,2.17
434,Tsiroanomandidy,MG,66.61,-18.77,46.05,95.0,88.0,11.23
435,Grootfontein,NA,61.48,-19.56,18.1,46.0,0.0,8.21
437,Marienburg,DE,34.81,52.12,9.98,96.0,75.0,12.75
438,Roebourne,AU,84.93,-20.77,117.15,58.0,0.0,4.52
439,Skelleftea,SE,19.72,64.75,20.95,85.0,90.0,12.75
441,Hue,VN,71.6,16.47,107.58,100.0,75.0,5.82
442,Coihaique,CL,73.4,-45.58,-72.07,38.0,0.0,4.7
443,Behshahr,IR,34.12,36.69,53.54,83.0,0.0,2.17
444,Orange Cove,US,53.51,36.62,-119.31,47.0,1.0,5.82
445,Ponta do Sol,BR,65.17,-20.63,-46.0,94.0,36.0,2.95
446,Tanout,NE,77.05,14.97,8.88,20.0,8.0,10.45
447,Cidreira,BR,66.57,-30.17,-50.22,92.0,20.0,9.1
450,Port Lincoln,AU,65.44,-34.72,135.86,95.0,80.0,10.0
451,Nantucket,US,44.17,41.28,-70.1,93.0,90.0,11.41
452,Salalah,OM,75.2,17.01,54.1,19.0,0.0,5.82
453,Poya,NC,79.08,-21.35,165.16,95.0,12.0,6.42
454,Pochutla,MX,84.47,15.74,-96.47,70.0,75.0,11.41
455,Sananduva,BR,64.72,-27.95,-51.81,79.0,48.0,13.91
456,San Luis,AR,65.8,-33.3,-66.34,50.0,68.0,6.42
457,Te Anau,NZ,66.79,-45.41,167.72,55.0,12.0,4.41
458,Beloha,MG,72.55,-25.17,45.06,78.0,20.0,12.8
460,Beringovskiy,RU,8.38,63.05,179.32,92.0,80.0,29.57
461,Sorong,ID,82.05,-0.86,131.25,100.0,36.0,4.97
462,Aksarka,RU,19.77,66.56,67.8,90.0,76.0,9.89
465,Saint Anthony,US,35.33,43.97,-111.68,51.0,1.0,6.93
466,Solofra,IT,55.02,40.83,14.85,93.0,75.0,4.7
467,Ulladulla,AU,71.89,-35.36,150.48,68.0,75.0,5.82
468,Imbituba,BR,68.0,-28.24,-48.67,94.0,75.0,12.75
469,Eydhafushi,MV,81.46,5.1,73.07,100.0,44.0,4.41
470,Gaspe,CA,23.0,48.83,-64.48,57.0,90.0,10.29
472,Pachino,IT,54.18,36.72,15.09,87.0,75.0,3.36
473,Arman,RU,7.98,59.7,150.17,70.0,12.0,3.74
474,Pangnirtung,CA,-12.91,66.15,-65.72,79.0,48.0,5.19
475,Saint-Francois,FR,46.17,46.42,3.91,65.0,90.0,4.7
476,Lavrentiya,RU,19.5,65.58,-170.99,100.0,88.0,38.52
478,Novo Aripuana,BR,78.85,-5.12,-60.38,94.0,44.0,2.84
479,Katobu,ID,81.55,-4.94,122.53,100.0,44.0,2.39
480,Moscow,RU,33.89,55.75,37.62,98.0,0.0,6.71
481,Kudahuvadhoo,MV,82.45,2.67,72.89,100.0,0.0,3.74
483,Mount Gambier,AU,59.0,-37.83,140.78,93.0,90.0,5.82
484,Pau,FR,48.09,43.3,-0.37,93.0,75.0,5.82
485,Boa Vista,BR,93.2,2.82,-60.67,34.0,20.0,12.75
486,Price,US,37.18,39.6,-110.81,69.0,90.0,5.82
487,Grindavik,IS,29.39,63.84,-22.43,74.0,0.0,5.82
489,Tessalit,ML,52.08,20.2,1.01,32.0,0.0,3.62
490,Usta Muhammad,PK,52.48,28.18,68.05,93.0,0.0,2.95
491,Mehamn,NO,15.08,71.03,27.85,72.0,0.0,16.11
492,Sioux Lookout,CA,21.2,50.1,-91.92,85.0,90.0,10.29
493,Henties Bay,NA,61.0,-22.12,14.28,85.0,0.0,3.0
494,Puerto Escondido,MX,84.2,15.86,-97.07,70.0,20.0,9.17
495,Batagay-Alyta,RU,-11.56,67.8,130.41,51.0,44.0,3.74
496,Broome,GB,36.23,52.47,1.45,91.0,0.0,18.34
497,Bocas del Toro,PA,60.01,9.33,-82.25,56.0,92.0,15.99
498,Bilma,NE,66.88,18.69,12.92,20.0,56.0,7.76
500,Kavaratti,IN,82.32,10.57,72.64,100.0,44.0,7.99
501,Noumea,NC,84.2,-22.28,166.46,70.0,0.0,4.7
502,Nuuk,GL,17.6,64.17,-51.74,78.0,64.0,11.41
503,Anshun,CN,43.53,26.25,105.93,98.0,92.0,4.63
504,Poplar Bluff,US,53.76,36.76,-90.39,58.0,90.0,3.36
505,Urcos,PE,62.6,-13.69,-71.62,45.0,75.0,2.28
506,Peruibe,BR,75.79,-24.32,-47.0,100.0,100.0,15.7
507,Basco,US,41.16,40.33,-91.2,56.0,1.0,12.75
508,Kieta,PG,79.03,-6.22,155.63,100.0,64.0,12.12
509,Saldanha,PT,41.23,41.42,-6.55,87.0,0.0,4.07
511,Gorontalo,ID,76.51,0.54,123.06,88.0,32.0,2.39
512,Niceville,US,74.52,30.52,-86.48,94.0,20.0,6.93
513,Trinidad,UY,66.34,-33.52,-56.9,55.0,0.0,10.33
514,Kathmandu,NP,48.2,27.71,85.32,87.0,20.0,2.24
515,Atar,MR,64.77,20.52,-13.05,21.0,0.0,9.66
516,Umm Lajj,SA,57.75,25.02,37.27,100.0,0.0,8.21
517,Lagunas,PE,76.6,-5.23,-75.68,89.0,92.0,2.51
518,Praia,BR,79.61,-20.25,-43.81,61.0,20.0,5.82
519,Aktau,KZ,41.0,43.65,51.16,87.0,0.0,13.42
520,Pitea,SE,19.76,65.32,21.48,79.0,90.0,12.75
521,Vao,EE,20.22,59.1,26.19,92.0,8.0,5.53
522,Baculin,PH,78.58,7.45,126.58,85.0,44.0,9.78
523,Vibo Valentia,IT,51.4,38.68,16.09,82.0,20.0,11.41
524,San Cristobal,EC,57.51,-0.39,-78.55,82.0,75.0,10.29
525,Karsun,RU,34.08,54.2,46.98,96.0,88.0,4.85
526,Karasjok,NO,-2.21,69.47,25.52,84.0,0.0,6.93
528,Talaya,RU,15.48,55.79,84.89,61.0,0.0,11.18
529,Caucaia,BR,78.35,-3.73,-38.66,88.0,20.0,3.36
531,Srednekolymsk,RU,1.0,67.46,153.71,71.0,68.0,3.29
532,Ballesteros,PH,77.59,18.41,121.51,100.0,0.0,6.08
533,Yanaul,RU,30.43,56.27,54.93,94.0,88.0,9.22
534,Kahului,US,76.41,20.89,-156.47,48.0,40.0,23.04
535,Batagay,RU,-9.8,67.65,134.64,66.0,56.0,3.62
536,Zlobin,HR,51.28,45.29,14.65,76.0,40.0,11.41
537,Ojinaga,US,75.83,29.56,-104.41,21.0,1.0,5.19
538,Grand-Lahou,CI,76.65,5.24,-5.0,92.0,8.0,5.19
539,Roald,NO,24.89,62.58,6.12,92.0,88.0,6.93
540,Baykit,RU,11.67,61.68,96.39,77.0,88.0,4.63
541,Fuerte,PH,72.42,17.54,120.36,70.0,0.0,4.18
543,Fairbanks,US,41.79,64.84,-147.72,38.0,1.0,8.05
544,Bathsheba,BB,78.8,13.22,-59.52,65.0,20.0,14.99
545,Matamoros,US,81.41,25.87,-97.51,74.0,75.0,13.87
546,Hervey Bay,AU,84.67,-25.3,152.85,66.0,90.0,9.17
547,Bahia de Caraquez,EC,82.4,-0.6,-80.42,78.0,75.0,5.82
548,Vangaindrano,MG,71.56,-23.35,47.6,95.0,88.0,2.62
549,LUGOBA,TZ,72.64,-6.46,38.33,90.0,12.0,3.06
551,Severodvinsk,RU,30.2,64.56,39.82,86.0,40.0,6.71
553,Alugan,PH,77.23,12.22,125.48,98.0,20.0,1.16
554,Westport,IE,38.1,53.8,-9.52,81.0,12.0,11.99
555,Santa Cruz,US,56.05,36.97,-122.03,62.0,1.0,11.41
557,Constantine,DZ,44.6,36.36,6.61,87.0,0.0,3.36
558,Sam Roi Yot,TH,71.6,12.21,99.86,94.0,0.0,2.73
559,Portland,US,49.59,45.52,-122.67,37.0,20.0,12.75
560,Praia da Vitoria,PT,60.89,38.73,-27.07,93.0,75.0,14.7
561,Poum,MK,40.65,41.28,20.71,63.0,0.0,2.84
562,Muisne,EC,84.2,0.61,-80.02,83.0,75.0,3.36
564,Zarinsk,RU,7.84,53.71,84.95,66.0,48.0,4.63
565,Fayaoue,NC,78.85,-20.65,166.53,100.0,64.0,13.24
566,Kasama,ZM,61.35,-10.21,31.19,95.0,64.0,2.95
567,Point Pleasant,US,43.23,40.08,-74.07,93.0,90.0,3.36
569,Akdepe,TM,37.13,42.05,59.39,64.0,0.0,11.41
570,College,US,41.81,64.86,-147.8,38.0,1.0,8.05
571,Goundam,ML,62.43,16.42,-3.66,41.0,0.0,8.66
572,Klaksvik,FO,35.6,62.23,-6.59,99.0,88.0,13.87
574,Isangel,VU,82.4,-19.55,169.27,83.0,75.0,3.36
575,Taguatinga,BR,71.6,-15.83,-48.06,83.0,20.0,4.7
576,Camara de Lobos,PT,58.15,32.63,-16.97,72.0,20.0,13.87
577,Kamenka,RU,37.0,53.19,44.05,89.0,92.0,4.97
578,Paciran,ID,75.93,-6.9,112.33,94.0,36.0,3.96
579,Karamadai,IN,78.8,11.24,76.96,78.0,20.0,1.61
580,Mwense,ZM,64.54,-10.39,28.7,94.0,76.0,2.73
581,Laukaa,FI,15.73,62.42,25.95,85.0,64.0,2.24
582,Sakaiminato,JP,49.33,35.55,133.23,76.0,75.0,13.87
583,Maniitsoq,GL,9.15,65.42,-52.9,83.0,44.0,6.98
584,Tual,ID,77.55,-5.67,132.75,100.0,88.0,10.11
585,Tafresh,IR,16.93,34.69,50.01,72.0,8.0,2.39
586,San Quintin,PH,72.42,17.54,120.52,70.0,0.0,4.18
587,Sainte-Suzanne,CH,43.86,47.51,6.77,56.0,0.0,19.46
588,Darhan,MN,5.41,49.49,105.92,68.0,0.0,2.39
589,Cuamba,MZ,64.0,-14.8,36.54,95.0,0.0,4.74
590,Linjiang,CN,31.6,41.81,126.91,68.0,36.0,3.96
591,Sibu,MY,73.15,2.29,111.83,94.0,90.0,3.36
592,Noyabrsk,RU,29.44,63.2,75.45,92.0,88.0,13.91
593,Juazeiro,BR,80.6,-9.43,-40.51,47.0,0.0,3.36
594,Mao,DO,79.79,19.55,-71.08,57.0,20.0,13.87
595,Nizwa,OM,41.95,22.93,57.53,87.0,0.0,3.18
596,Minab,IR,59.0,27.15,57.07,77.0,0.0,1.12
597,Bacolod,PH,78.49,10.68,122.95,80.0,0.0,5.08
598,Mogadishu,SO,81.15,2.04,45.34,99.0,12.0,20.29
599,Ekhabi,RU,16.12,53.51,142.97,72.0,8.0,4.63
600,Intipuca,SV,87.76,13.2,-88.05,70.0,0.0,6.08
602,Plettenberg Bay,ZA,67.02,-34.05,23.37,98.0,48.0,21.52
603,Mahon,IE,38.21,51.89,-8.4,86.0,75.0,20.8
604,Sambava,MG,78.45,-14.27,50.17,100.0,56.0,6.76
605,Ambulu,ID,79.57,-8.35,113.61,100.0,8.0,5.08
606,Knysna,ZA,62.6,-34.04,23.05,93.0,44.0,4.7
607,Thinadhoo,MV,82.77,0.53,72.93,100.0,0.0,3.06
608,Xaxim,BR,73.71,-26.96,-52.53,78.0,75.0,13.87
609,Marsh Harbour,BS,74.8,26.54,-77.06,100.0,76.0,12.57
610,Skibbereen,IE,37.4,51.55,-9.27,86.0,75.0,20.8
611,Angoram,PG,77.32,-4.06,144.07,92.0,88.0,3.06
